<?xml version="1.0" encoding="utf-8"?>
<Setting xmlns:xsi="http://www.w3.org/2001/XMLSchema-instance" xmlns:xsd="http://www.w3.org/2001/XMLSchema">
  <onGlobalRating>true</onGlobalRating>
  <onCurBpm>true</onCurBpm>
  <onRecommandKPS>false</onRecommandKPS>
  <useShadow>true</useShadow>
  <ignoreMultipress>false</ignoreMultipress>
  <useBold>false</useBold>
  <showSpeedText>false</showSpeedText>
  <showSpeedTextMode>0</showSpeedTextMode>
  <showRealKPS>false</showRealKPS>
  <x>0.63</x>
  <y>0.69</y>
  <size>100</size>
  <align>0</align>
  <showDecimal>0</showDecimal>
  <zero>true</zero>
  <textGlobalRating>Star Rating - {value}</textGlobalRating>
  <text2>MaxPP - {value}</text2>
  <text3>FinalScore - {value}</text3>
  <text4>Star Rating - {value}</text4>
  <realKPSPosition>
    <x>0</x>
    <y>0</y>
  </realKPSPosition>
</Setting>